account_id,checking_status,employment,age,sex,credit_amount,housing,credit_defaults
ACC000000000007,<0,>=7,47,M,1740,own,0
ACC000000000023,no checking,4<=X<7,40,F,2737,own,0
ACC000000000049,no checking,>=7,22,M,1839,own,0
ACC000000000063,<0,>=7,46,M,4539,own,1
ACC000000000075,no checking,>=7,25,F,6219,own,1
ACC000000000099,<0,<1,20,M,2347,own,0
ACC000000000122,<0,>=7,31,M,3221,own,1
ACC000000000149,no checking,>=7,37,M,1671,own,0
ACC000000000171,>=200,>=7,21,F,2641,own,0
ACC000000000173,no checking,<1,28,F,2056,own,0
ACC000000000179,0<=X<200,4<=X<7,19,F,1205,own,0
ACC000000000193,0<=X<200,>=7,47,F,5688,own,0
ACC000000000197,0<=X<200,>=7,31,F,533,rent,0
ACC000000000199,0<=X<200,1<=X<4,33,M,2468,own,1
ACC000000000213,no checking,1<=X<4,35,F,1570,free,0
ACC000000000214,0<=X<200,<1,33,F,1174,own,1
ACC000000000220,<0,4<=X<7,33,F,1169,rent,0
ACC000000000230,no checking,4<=X<7,40,M,847,free,0
ACC000000000238,<0,4<=X<7,39,M,2529,own,0
ACC000000000239,no checking,1<=X<4,54,M,1018,free,0
ACC000000000242,<0,<1,32,F,286,own,1
ACC000000000274,<0,>=7,25,M,1296,free,1
ACC000000000277,0<=X<200,unemployed,50,F,879,free,0
ACC000000000278,<0,1<=X<4,19,M,2744,own,0
ACC000000000286,<0,>=7,34,M,5425,own,1
ACC000000000288,<0,1<=X<4,29,M,622,own,1
ACC000000000290,no checking,>=7,38,M,2034,rent,0
ACC000000000294,no checking,1<=X<4,43,F,3059,own,0
ACC000000000297,no checking,1<=X<4,43,M,835,own,0
ACC000000000302,no checking,1<=X<4,21,M,2593,free,0
ACC000000000329,no checking,>=7,37,M,2530,own,0
ACC000000000351,0<=X<200,unemployed,41,F,780,rent,1
ACC000000000353,0<=X<200,1<=X<4,22,M,8293,own,0
ACC000000000367,no checking,1<=X<4,34,F,3460,free,1
ACC000000000373,>=200,>=7,30,F,2933,own,0
ACC000000000385,<0,>=7,20,M,4490,own,1
ACC000000000386,<0,4<=X<7,34,M,462,rent,0
ACC000000000431,<0,1<=X<4,20,M,10353,own,1
ACC000000000439,no checking,>=7,25,M,3468,own,0
ACC000000000457,no checking,1<=X<4,50,M,5051,free,1
ACC000000000465,0<=X<200,1<=X<4,41,F,5544,own,1
ACC000000000478,0<=X<200,unemployed,38,F,3804,own,1
ACC000000000487,0<=X<200,>=7,30,M,3048,own,0
ACC000000000488,<0,<1,25,M,11477,own,1
ACC000000000491,<0,1<=X<4,42,M,2402,free,0
ACC000000000494,>=200,<1,25,M,755,free,1
ACC000000000497,0<=X<200,>=7,30,F,593,own,1
ACC000000000503,<0,1<=X<4,29,F,1757,own,1
ACC000000000523,<0,4<=X<7,19,M,1276,own,1
ACC000000000547,0<=X<200,1<=X<4,31,F,4970,own,1
ACC000000000558,0<=X<200,>=7,30,M,3804,own,1
ACC000000000561,<0,>=7,32,M,1887,own,0
ACC000000000577,0<=X<200,4<=X<7,29,F,1133,rent,0
ACC000000000583,0<=X<200,>=7,43,M,3408,own,0
ACC000000000592,0<=X<200,<1,19,M,1896,rent,1
ACC000000000610,>=200,>=7,50,M,3428,own,0
ACC000000000614,0<=X<200,<1,42,F,3350,free,1
ACC000000000617,0<=X<200,>=7,36,M,1171,own,0
ACC000000000657,<0,unemployed,32,M,12005,free,1
ACC000000000691,no checking,4<=X<7,19,M,2224,own,0
ACC000000000702,0<=X<200,1<=X<4,48,M,8921,own,0
ACC000000000714,<0,4<=X<7,38,F,9421,own,1
ACC000000000724,<0,>=7,35,M,3142,own,0
ACC000000000730,<0,1<=X<4,45,M,3380,own,0
ACC000000000732,<0,<1,49,M,799,own,1
ACC000000000742,0<=X<200,4<=X<7,35,M,1264,own,1
ACC000000000747,0<=X<200,4<=X<7,29,M,3108,free,0
ACC000000000759,>=200,>=7,35,F,2794,rent,0
ACC000000000780,<0,1<=X<4,47,M,479,own,0
ACC000000000800,no checking,1<=X<4,19,M,1994,own,0
ACC000000000829,<0,1<=X<4,49,M,4429,own,1
ACC000000000834,no checking,<1,62,F,1432,own,0
ACC000000000839,0<=X<200,<1,37,F,2352,own,0
ACC000000000840,no checking,<1,38,M,797,free,0
ACC000000000843,<0,1<=X<4,43,M,7269,own,1
ACC000000000853,>=200,>=7,54,F,3010,own,0
ACC000000000859,>=200,>=7,36,M,4465,free,0
ACC000000000868,no checking,>=7,36,M,1904,own,0
ACC000000000874,0<=X<200,1<=X<4,44,M,962,own,1
ACC000000000893,0<=X<200,1<=X<4,35,M,630,own,0
ACC000000000901,0<=X<200,4<=X<7,31,M,1851,own,0
ACC000000000902,<0,<1,19,M,862,own,1
ACC000000000911,0<=X<200,1<=X<4,20,M,3989,own,0
ACC000000000913,no checking,1<=X<4,32,M,2209,own,0
ACC000000000925,0<=X<200,<1,53,M,5073,free,0
ACC000000000935,no checking,<1,46,F,7098,free,0
ACC000000000953,0<=X<200,1<=X<4,26,M,3057,own,0
ACC000000000971,no checking,unemployed,24,M,250,own,0
ACC000000000989,0<=X<200,1<=X<4,23,M,6542,own,0
ACC000000000991,<0,<1,65,M,1760,own,1
ACC000000000996,>=200,>=7,52,F,3658,free,0
ACC000000001013,no checking,>=7,32,F,1731,own,0
ACC000000001033,0<=X<200,4<=X<7,48,M,1713,own,1
ACC000000001034,0<=X<200,1<=X<4,22,M,2188,own,1
ACC000000001051,no checking,4<=X<7,21,F,1172,own,0
ACC000000001054,<0,1<=X<4,35,F,1225,own,0
ACC000000001071,no checking,4<=X<7,48,F,1776,rent,0
ACC000000001081,no checking,1<=X<4,47,M,7135,free,0
ACC000000001082,0<=X<200,<1,20,M,2846,own,1
ACC000000001087,no checking,1<=X<4,36,M,317,own,1
ACC000000001099,<0,1<=X<4,38,F,5197,own,0
ACC000000001103,no checking,unemployed,50,M,1724,own,0
ACC000000001113,0<=X<200,1<=X<4,48,F,1154,own,0
ACC000000001128,no checking,1<=X<4,19,M,6198,own,1
ACC000000001133,<0,1<=X<4,19,M,2387,free,0
ACC000000001153,>=200,>=7,19,M,1186,own,0
ACC000000001156,no checking,1<=X<4,36,F,1513,own,0
ACC000000001165,>=200,>=7,64,F,431,own,0
ACC000000001174,0<=X<200,1<=X<4,20,M,3256,own,1
ACC000000001177,no checking,1<=X<4,48,F,1089,own,0
ACC000000001202,<0,>=7,40,M,881,own,0
ACC000000001206,no checking,>=7,48,M,2217,own,1
ACC000000001215,no checking,1<=X<4,54,M,2162,rent,0
ACC000000001228,no checking,>=7,45,M,3579,own,0
ACC000000001233,>=200,>=7,43,F,9538,own,0
ACC000000001241,0<=X<200,>=7,24,M,4569,own,1
ACC000000001249,<0,unemployed,22,M,2546,own,1
ACC000000001256,<0,<1,53,F,1674,own,1
ACC000000001263,>=200,>=7,36,M,4887,own,0
ACC000000001265,>=200,1<=X<4,22,M,1672,own,0
ACC000000001266,no checking,<1,36,F,2804,own,0
ACC000000001275,0<=X<200,>=7,20,F,2701,own,0
ACC000000001279,no checking,4<=X<7,20,F,2547,free,0
ACC000000001289,0<=X<200,1<=X<4,34,M,4925,own,0
ACC000000001298,<0,1<=X<4,52,M,17265,own,0
ACC000000001299,<0,1<=X<4,51,M,4258,own,1
ACC000000001303,>=200,unemployed,49,F,2339,own,0
ACC000000001320,<0,4<=X<7,32,M,1364,own,1
ACC000000001326,no checking,1<=X<4,34,M,3116,own,0
ACC000000001334,0<=X<200,<1,45,F,876,free,1
ACC000000001359,no checking,>=7,56,F,853,free,1
ACC000000001407,0<=X<200,>=7,32,M,2923,own,0
ACC000000001408,no checking,1<=X<4,22,M,562,own,0
ACC000000001410,0<=X<200,1<=X<4,36,M,1545,free,0
ACC000000001413,0<=X<200,1<=X<4,37,M,1480,own,0
ACC000000001420,no checking,1<=X<4,29,M,2713,own,1
ACC000000001430,<0,1<=X<4,19,M,2010,own,0
ACC000000001434,<0,>=7,41,M,1534,own,1
ACC000000001436,0<=X<200,1<=X<4,20,F,2451,free,0
ACC000000001443,no checking,1<=X<4,35,M,1409,free,0
ACC000000001457,no checking,1<=X<4,28,M,3287,own,0
ACC000000001463,no checking,>=7,38,M,2128,own,0
ACC000000001470,<0,>=7,35,M,2644,free,1
ACC000000001475,0<=X<200,<1,33,M,392,own,1
ACC000000001483,0<=X<200,>=7,48,F,2045,own,1
ACC000000001486,<0,>=7,35,M,3158,own,1
ACC000000001491,0<=X<200,1<=X<4,38,M,4175,own,1
ACC000000001494,0<=X<200,4<=X<7,33,F,10661,free,0
ACC000000001498,0<=X<200,4<=X<7,34,M,6652,own,0
ACC000000001500,0<=X<200,>=7,42,M,6420,free,0
ACC000000001506,<0,1<=X<4,31,M,16793,own,1
ACC000000001509,no checking,>=7,44,M,1671,own,0
ACC000000001523,0<=X<200,4<=X<7,32,M,710,free,0
ACC000000001530,>=200,1<=X<4,25,M,1730,rent,1
ACC000000001545,no checking,>=7,39,F,4114,own,0
ACC000000001567,<0,4<=X<7,42,M,922,own,0
ACC000000001568,no checking,4<=X<7,45,M,18500,own,0
ACC000000001570,<0,>=7,35,M,1908,own,0
ACC000000001575,>=200,>=7,51,F,8300,own,0
ACC000000001579,0<=X<200,1<=X<4,42,F,3392,own,0
ACC000000001588,no checking,4<=X<7,31,M,2131,free,0
ACC000000001593,0<=X<200,>=7,51,F,2139,own,0
ACC000000001594,0<=X<200,1<=X<4,40,M,1137,own,0
ACC000000001629,0<=X<200,1<=X<4,48,M,6024,free,1
ACC000000001643,>=200,<1,34,F,4235,own,0
ACC000000001656,<0,unemployed,29,F,9144,own,1
ACC000000001666,no checking,1<=X<4,19,M,949,own,0
ACC000000001674,<0,1<=X<4,35,M,3879,free,1
ACC000000001678,no checking,4<=X<7,42,M,2447,free,0
ACC000000001679,0<=X<200,>=7,28,F,1431,own,0
ACC000000001681,0<=X<200,1<=X<4,24,F,884,own,1
ACC000000001682,0<=X<200,>=7,35,M,7538,own,0
ACC000000001687,0<=X<200,1<=X<4,51,M,1004,own,0
ACC000000001689,<0,<1,19,M,624,free,0
ACC000000001699,no checking,unemployed,36,F,2246,own,1
ACC000000001704,0<=X<200,>=7,32,M,2997,own,1
ACC000000001705,0<=X<200,1<=X<4,20,F,777,free,0
ACC000000001706,no checking,<1,20,M,972,own,0
ACC000000001727,0<=X<200,1<=X<4,53,M,548,rent,1
ACC000000001728,<0,>=7,19,M,627,own,1
ACC000000001734,no checking,4<=X<7,22,M,1807,rent,0
ACC000000001756,<0,1<=X<4,30,M,632,own,1
ACC000000001759,<0,1<=X<4,54,F,2150,free,1
ACC000000001761,0<=X<200,>=7,35,M,717,own,1
ACC000000001783,no checking,<1,31,M,2435,own,0
ACC000000001794,no checking,1<=X<4,20,M,3857,free,1
ACC000000001814,no checking,>=7,24,F,2591,free,0
ACC000000001850,<0,<1,35,M,971,own,0
ACC000000001859,0<=X<200,<1,33,M,3759,rent,1
ACC000000001863,no checking,1<=X<4,30,F,2755,own,0
ACC000000001875,>=200,>=7,39,M,3873,own,0
ACC000000001881,<0,unemployed,36,F,8458,free,1
ACC000000001892,>=200,>=7,33,M,444,own,0
ACC000000001907,no checking,1<=X<4,30,M,1887,own,1
ACC000000001911,0<=X<200,<1,26,M,6315,own,0
ACC000000001926,no checking,4<=X<7,24,F,4841,free,0
ACC000000001930,no checking,<1,40,F,2057,own,1
ACC000000001967,no checking,<1,34,M,4964,own,1
ACC000000001975,no checking,>=7,30,M,3493,own,1
ACC000000001983,<0,1<=X<4,30,M,3542,own,1
ACC000000001988,>=200,>=7,29,F,4784,own,0
ACC000000001994,<0,1<=X<4,30,F,791,own,1
ACC000000002002,no checking,unemployed,20,M,1861,own,1
ACC000000002010,0<=X<200,>=7,19,F,2109,free,0
ACC000000002013,0<=X<200,4<=X<7,45,M,7759,rent,0
ACC000000002017,>=200,4<=X<7,20,F,1522,free,0
ACC000000002074,0<=X<200,<1,34,M,2579,own,1
ACC000000002076,0<=X<200,1<=X<4,49,F,5665,own,0
ACC000000002139,<0,<1,44,M,2779,free,1
ACC000000002142,<0,1<=X<4,46,F,7893,own,0
ACC000000002179,<0,4<=X<7,19,M,4101,own,0
ACC000000002190,>=200,1<=X<4,45,M,1464,own,0
ACC000000002203,0<=X<200,>=7,51,M,2839,own,0
ACC000000002216,no checking,1<=X<4,32,M,3893,free,0
ACC000000002222,no checking,1<=X<4,48,F,1959,own,0
ACC000000002232,<0,1<=X<4,30,F,3062,own,1
ACC000000002242,<0,4<=X<7,22,M,2707,own,1
ACC000000002243,<0,4<=X<7,34,M,6380,own,1
ACC000000002244,0<=X<200,unemployed,31,M,3890,own,1
ACC000000002247,<0,4<=X<7,34,M,1936,own,0
ACC000000002260,0<=X<200,<1,36,M,1122,own,1
ACC000000002263,<0,>=7,29,F,6390,own,0
ACC000000002265,no checking,4<=X<7,67,M,14732,own,0
ACC000000002266,no checking,4<=X<7,19,M,2167,own,0
ACC000000002272,<0,4<=X<7,27,M,404,own,1
ACC000000002280,<0,<1,30,F,2922,own,1
ACC000000002319,0<=X<200,<1,28,M,948,free,1
ACC000000002322,no checking,4<=X<7,27,M,2231,own,0
ACC000000002326,<0,>=7,40,M,585,own,0
ACC000000002327,<0,1<=X<4,28,M,1672,free,1
ACC000000002329,0<=X<200,unemployed,30,M,1820,own,0
ACC000000002348,0<=X<200,1<=X<4,20,F,1372,free,0
ACC000000002365,no checking,4<=X<7,35,M,4308,own,0
ACC000000002391,<0,unemployed,38,M,2496,own,1
ACC000000002408,no checking,4<=X<7,24,M,1689,free,0
ACC000000002416,no checking,1<=X<4,33,F,972,free,0
ACC000000002420,no checking,4<=X<7,46,M,3390,own,0
ACC000000002422,>=200,1<=X<4,44,M,5360,free,0
ACC000000002433,no checking,1<=X<4,41,F,2427,own,1
ACC000000002440,0<=X<200,4<=X<7,42,M,1176,own,0
ACC000000002462,no checking,>=7,35,F,2778,own,0
ACC000000002463,0<=X<200,4<=X<7,31,M,879,own,0
ACC000000002472,<0,>=7,57,M,5768,own,1
ACC000000002483,no checking,1<=X<4,30,F,3195,own,0
ACC000000002486,no checking,1<=X<4,44,M,2675,own,0
ACC000000002489,>=200,1<=X<4,26,F,2654,own,0
ACC000000002493,no checking,unemployed,36,M,2815,own,0
ACC000000002494,no checking,unemployed,19,M,1557,free,0
ACC000000002496,no checking,<1,35,M,18500,free,0
ACC000000002503,no checking,>=7,24,M,18500,own,0
ACC000000002506,no checking,1<=X<4,49,F,742,free,0
ACC000000002521,0<=X<200,unemployed,45,M,1136,free,0
ACC000000002529,<0,1<=X<4,35,M,1029,free,1
ACC000000002532,<0,unemployed,33,M,473,own,0
ACC000000002544,<0,unemployed,31,F,2914,own,0
ACC000000002555,>=200,<1,39,M,5888,free,0
ACC000000002556,0<=X<200,1<=X<4,41,M,2860,own,0
ACC000000002579,>=200,1<=X<4,30,F,2404,free,1
ACC000000002585,no checking,4<=X<7,35,M,4820,own,0
ACC000000002622,0<=X<200,<1,35,F,5812,free,1
ACC000000002641,no checking,1<=X<4,28,M,1453,own,0
ACC000000002651,no checking,>=7,64,M,3683,own,0
ACC000000002656,0<=X<200,>=7,42,F,919,free,0
ACC000000002668,>=200,>=7,42,M,3090,own,0
ACC000000002671,no checking,>=7,61,M,3431,own,0
ACC000000002681,<0,1<=X<4,44,M,2579,own,1
ACC000000002692,<0,1<=X<4,20,M,4021,own,1
ACC000000002706,0<=X<200,1<=X<4,22,M,18050,own,1
ACC000000002710,0<=X<200,1<=X<4,44,M,2253,own,0
ACC000000002713,no checking,4<=X<7,44,F,1311,own,0
ACC000000002720,0<=X<200,>=7,21,M,3403,own,1
ACC000000002725,<0,<1,21,M,1018,rent,1
ACC000000002730,0<=X<200,<1,25,M,5016,own,0
ACC000000002756,no checking,4<=X<7,33,F,15010,own,1
ACC000000002779,no checking,>=7,24,M,1132,own,1
ACC000000002792,no checking,4<=X<7,46,F,1433,own,0
ACC000000002798,no checking,4<=X<7,45,M,2344,own,0
ACC000000002802,no checking,<1,34,M,250,rent,1
ACC000000002842,no checking,>=7,39,M,2751,own,0
ACC000000002843,<0,1<=X<4,32,M,783,own,0
ACC000000002845,<0,>=7,31,M,3383,own,1
ACC000000002867,no checking,1<=X<4,37,M,10447,free,1
ACC000000002880,no checking,>=7,35,M,899,free,1
ACC000000002881,0<=X<200,<1,21,M,1383,own,0
ACC000000002888,<0,1<=X<4,31,M,6011,own,0
ACC000000002919,<0,1<=X<4,30,F,10940,own,0
ACC000000002920,0<=X<200,>=7,44,F,1137,own,0
ACC000000002927,<0,>=7,25,M,1811,own,0
ACC000000002943,<0,4<=X<7,24,M,3717,own,0
ACC000000002983,0<=X<200,1<=X<4,49,M,938,free,1
ACC000000002994,no checking,>=7,30,M,6944,own,0
ACC000000003014,no checking,4<=X<7,29,F,1108,own,0
ACC000000003019,<0,unemployed,43,M,7714,own,0
ACC000000003027,0<=X<200,unemployed,47,F,803,free,0
ACC000000003029,no checking,>=7,22,M,1914,own,0
ACC000000003040,<0,<1,37,M,3508,own,0
ACC000000003048,<0,4<=X<7,58,M,889,own,0
ACC000000003049,<0,>=7,25,M,3467,own,0
ACC000000003053,no checking,1<=X<4,26,M,1673,rent,0
ACC000000003062,no checking,4<=X<7,19,M,2874,rent,0
ACC000000003077,<0,<1,24,M,1216,free,1
ACC000000003079,<0,>=7,20,M,2234,own,1
ACC000000003080,no checking,1<=X<4,44,M,11001,own,0
ACC000000003126,0<=X<200,>=7,29,F,1482,free,1
ACC000000003154,no checking,>=7,47,M,819,free,1
ACC000000003171,0<=X<200,<1,28,F,1241,own,1
ACC000000003174,>=200,4<=X<7,39,M,1196,free,0
ACC000000003176,<0,<1,30,M,2482,own,1
ACC000000003177,no checking,1<=X<4,19,M,2603,own,0
ACC000000003191,no checking,4<=X<7,29,M,1772,free,0
ACC000000003196,no checking,>=7,34,M,13927,own,0
ACC000000003215,0<=X<200,unemployed,19,F,1479,own,1
ACC000000003222,no checking,1<=X<4,34,M,1466,own,1
ACC000000003249,no checking,1<=X<4,22,M,4745,own,0
ACC000000003257,0<=X<200,1<=X<4,41,M,10123,rent,0
ACC000000003295,no checking,4<=X<7,38,F,7106,own,1
ACC000000003304,0<=X<200,>=7,31,M,16685,own,1
ACC000000003316,0<=X<200,1<=X<4,31,M,1788,own,0
ACC000000003347,0<=X<200,<1,32,M,1062,own,0
ACC000000003359,0<=X<200,4<=X<7,45,M,8321,own,1
ACC000000003363,no checking,>=7,28,M,4134,own,0
ACC000000003380,0<=X<200,1<=X<4,40,M,9529,own,0
ACC000000003383,<0,1<=X<4,44,M,2715,own,1
ACC000000003391,no checking,1<=X<4,41,M,1193,own,1
ACC000000003393,<0,1<=X<4,49,M,2104,own,1
ACC000000003400,no checking,1<=X<4,45,M,1792,own,1
ACC000000003404,no checking,1<=X<4,25,M,2653,own,0
ACC000000003413,<0,>=7,38,M,692,own,0
ACC000000003425,0<=X<200,1<=X<4,45,F,1026,free,1
ACC000000003457,0<=X<200,1<=X<4,46,F,393,own,0
ACC000000003458,no checking,<1,47,M,2321,own,0
ACC000000003483,0<=X<200,<1,22,M,1042,own,1
ACC000000003501,0<=X<200,<1,26,M,710,free,1
ACC000000003508,0<=X<200,1<=X<4,42,M,937,rent,0
ACC000000003515,0<=X<200,1<=X<4,27,M,1964,own,0
ACC000000003529,no checking,4<=X<7,37,M,3929,rent,1
ACC000000003543,no checking,>=7,41,M,5010,own,0
ACC000000003549,no checking,4<=X<7,21,F,1759,free,0
ACC000000003554,no checking,1<=X<4,30,M,1867,own,1
ACC000000003576,no checking,1<=X<4,35,M,1416,own,1
ACC000000003600,0<=X<200,4<=X<7,30,F,4783,own,0
ACC000000003606,no checking,1<=X<4,23,M,2110,own,0
ACC000000003607,<0,<1,55,M,3414,own,1
ACC000000003609,no checking,>=7,57,M,2443,own,0
ACC000000003618,no checking,unemployed,44,F,2792,own,0
ACC000000003624,0<=X<200,>=7,34,M,2090,own,1
ACC000000003637,0<=X<200,<1,39,M,2243,own,0
ACC000000003638,0<=X<200,<1,41,M,7489,own,0
ACC000000003675,no checking,>=7,53,F,6338,own,0
ACC000000003682,<0,<1,53,F,1026,own,0
ACC000000003688,0<=X<200,>=7,40,M,1325,own,0
ACC000000003691,0<=X<200,<1,36,M,836,free,0
ACC000000003704,<0,<1,21,M,4053,own,1
ACC000000003714,>=200,1<=X<4,34,M,12745,own,0
ACC000000003716,no checking,>=7,19,M,7001,own,1
ACC000000003719,no checking,1<=X<4,47,M,2530,own,0
ACC000000003722,<0,1<=X<4,23,F,2235,own,1
ACC000000003730,no checking,1<=X<4,26,M,3369,free,0
ACC000000003754,0<=X<200,>=7,38,M,2036,free,0
ACC000000003773,no checking,1<=X<4,49,M,1703,own,1
ACC000000003776,<0,1<=X<4,40,F,2115,own,0
ACC000000003778,no checking,1<=X<4,38,M,3482,free,0
ACC000000003787,no checking,<1,33,F,4688,own,0
ACC000000003800,no checking,<1,53,F,1254,own,0
ACC000000003801,no checking,4<=X<7,51,M,2855,own,0
ACC000000003803,<0,1<=X<4,34,M,1474,own,0
ACC000000003810,no checking,1<=X<4,46,M,1301,rent,0
ACC000000003814,no checking,4<=X<7,31,M,1443,own,0
ACC000000003838,<0,1<=X<4,35,F,250,free,1
ACC000000003877,0<=X<200,4<=X<7,30,M,1994,own,1
ACC000000003883,<0,1<=X<4,19,M,6377,free,1
ACC000000003887,no checking,1<=X<4,35,M,1282,rent,0
ACC000000003888,no checking,>=7,34,M,956,own,0
ACC000000003893,no checking,<1,52,M,3662,own,0
ACC000000003905,no checking,1<=X<4,58,F,2208,free,0
ACC000000003956,no checking,<1,24,M,11984,rent,0
ACC000000003970,<0,1<=X<4,31,M,6248,own,1
ACC000000003974,<0,1<=X<4,44,F,2060,own,1
ACC000000003976,no checking,<1,35,F,2439,own,0
ACC000000003996,no checking,1<=X<4,43,F,7749,own,0
ACC000000004001,no checking,1<=X<4,19,F,2953,free,0
ACC000000004005,0<=X<200,<1,39,M,2243,own,0
ACC000000004014,no checking,>=7,41,M,1564,rent,0
ACC000000004030,<0,<1,24,M,4554,own,1
ACC000000004038,<0,4<=X<7,64,M,1488,own,1
ACC000000004056,no checking,<1,37,M,300,own,0
ACC000000004058,no checking,1<=X<4,47,F,2300,own,0
ACC000000004062,0<=X<200,1<=X<4,52,M,6543,rent,0
ACC000000004063,no checking,>=7,33,M,18500,own,0
ACC000000004065,no checking,<1,48,M,2100,free,1
ACC000000004067,0<=X<200,4<=X<7,37,M,1486,own,0
ACC000000004070,0<=X<200,<1,40,F,5682,own,0
ACC000000004076,0<=X<200,4<=X<7,40,M,1329,own,0
ACC000000004079,0<=X<200,<1,29,M,527,own,0
ACC000000004084,<0,4<=X<7,50,M,4036,own,1
ACC000000004113,<0,1<=X<4,19,F,2194,own,1
ACC000000004119,<0,<1,31,M,5064,own,0
ACC000000004120,>=200,<1,40,F,1696,own,0
ACC000000004126,no checking,1<=X<4,50,M,619,own,0
ACC000000004135,<0,<1,26,F,2013,free,0
ACC000000004142,<0,>=7,23,M,2406,own,0
ACC000000004146,0<=X<200,1<=X<4,40,M,6754,free,0
ACC000000004154,no checking,1<=X<4,25,F,13403,own,1
ACC000000004157,0<=X<200,<1,19,M,5605,own,1
ACC000000004169,<0,4<=X<7,31,M,1750,free,1
ACC000000004174,no checking,>=7,33,M,13096,own,0
ACC000000004177,no checking,4<=X<7,32,M,342,own,0
ACC000000004181,<0,1<=X<4,29,M,8816,own,0
ACC000000004187,<0,<1,31,M,762,own,0
ACC000000004197,>=200,>=7,34,M,3447,rent,0
ACC000000004206,no checking,unemployed,37,M,18500,own,1
ACC000000004216,no checking,unemployed,37,F,662,own,0
ACC000000004217,0<=X<200,<1,39,M,3824,own,0
ACC000000004231,no checking,4<=X<7,32,M,1641,own,0
ACC000000004257,<0,>=7,34,M,8528,own,0
ACC000000004282,<0,1<=X<4,32,F,18495,rent,0
ACC000000004292,no checking,>=7,44,M,7493,own,0
ACC000000004297,0<=X<200,>=7,54,M,688,own,0
ACC000000004300,<0,1<=X<4,40,M,2146,free,0
ACC000000004311,no checking,4<=X<7,37,F,1491,own,0
ACC000000004316,<0,>=7,43,M,2406,free,0
ACC000000004321,<0,1<=X<4,25,M,3847,own,1
ACC000000004324,no checking,unemployed,53,M,1286,rent,0
ACC000000004332,0<=X<200,>=7,46,M,1607,rent,1
ACC000000004339,no checking,>=7,19,M,5267,own,0
ACC000000004346,<0,>=7,36,M,960,own,1
ACC000000004353,no checking,1<=X<4,47,M,18500,free,0
ACC000000004369,<0,<1,33,M,2361,own,1
ACC000000004375,>=200,4<=X<7,48,M,2150,own,0
ACC000000004385,<0,1<=X<4,35,M,6221,own,1
ACC000000004388,>=200,>=7,29,F,6410,own,0
ACC000000004394,0<=X<200,>=7,44,M,2122,own,0
ACC000000004402,no checking,4<=X<7,39,M,1753,own,0
ACC000000004413,no checking,1<=X<4,45,M,1023,own,0
ACC000000004414,<0,<1,40,M,2081,own,0
ACC000000004421,0<=X<200,>=7,28,M,3521,own,0
ACC000000004444,0<=X<200,1<=X<4,46,M,2100,own,1
ACC000000004446,no checking,4<=X<7,31,F,1887,own,0
ACC000000004453,<0,>=7,47,M,2010,own,0
ACC000000004459,no checking,>=7,36,M,3056,own,0
ACC000000004484,no checking,>=7,46,F,1053,free,1
ACC000000004494,no checking,<1,36,F,1841,own,1
ACC000000004514,<0,1<=X<4,19,M,1131,own,1
ACC000000004525,<0,1<=X<4,32,M,5189,own,0
ACC000000004534,no checking,1<=X<4,20,M,618,own,0
ACC000000004535,0<=X<200,<1,35,M,3588,own,0
ACC000000004543,no checking,<1,45,F,9799,own,0
ACC000000004550,0<=X<200,<1,63,M,1889,free,1
ACC000000004551,no checking,>=7,40,M,1450,own,0
ACC000000004555,>=200,>=7,28,M,1493,own,0
ACC000000004573,no checking,<1,37,M,10491,free,0
ACC000000004579,0<=X<200,4<=X<7,36,M,6769,own,0
ACC000000004593,0<=X<200,>=7,56,M,482,own,0
ACC000000004603,>=200,1<=X<4,21,F,1787,own,0
ACC000000004609,no checking,1<=X<4,42,M,322,own,0
ACC000000004620,0<=X<200,1<=X<4,27,M,4651,own,1
ACC000000004626,no checking,4<=X<7,41,M,849,own,0
ACC000000004628,no checking,1<=X<4,21,M,556,own,0
ACC000000004636,<0,1<=X<4,49,M,845,free,0
ACC000000004659,0<=X<200,4<=X<7,33,F,494,free,0
ACC000000004671,<0,>=7,25,M,8625,own,0
ACC000000004672,no checking,1<=X<4,44,M,1186,own,0
ACC000000004679,no checking,>=7,38,F,833,own,0
ACC000000004684,no checking,1<=X<4,30,M,4123,own,0
ACC000000004703,no checking,>=7,24,F,3003,free,0
ACC000000004704,no checking,1<=X<4,42,M,4471,own,0
ACC000000004708,no checking,<1,50,M,5245,own,0
ACC000000004710,0<=X<200,1<=X<4,41,M,1319,free,1
ACC000000004717,>=200,>=7,25,M,2878,rent,1
ACC000000004721,0<=X<200,4<=X<7,30,M,3196,own,1
ACC000000004722,no checking,<1,40,F,4747,own,0
ACC000000004736,no checking,<1,44,M,3059,own,0
ACC000000004740,0<=X<200,<1,19,M,648,own,1
ACC000000004747,<0,1<=X<4,36,M,1442,own,1
ACC000000004752,<0,4<=X<7,54,M,1274,own,1
ACC000000004758,no checking,1<=X<4,39,F,1598,own,0
ACC000000004791,no checking,1<=X<4,49,F,1637,own,0
ACC000000004794,no checking,<1,33,M,10037,own,0
ACC000000004810,0<=X<200,>=7,40,M,2804,free,0
ACC000000004816,<0,>=7,23,F,757,own,1
ACC000000004822,0<=X<200,1<=X<4,40,F,15075,own,0
ACC000000004824,no checking,4<=X<7,29,M,1113,own,1
ACC000000004836,<0,>=7,19,M,5050,own,0
ACC000000004838,no checking,1<=X<4,41,M,1641,own,1
ACC000000004841,0<=X<200,>=7,38,F,902,own,0
ACC000000004843,0<=X<200,>=7,44,M,2878,own,1
ACC000000004852,<0,1<=X<4,34,M,429,free,0
ACC000000004858,no checking,<1,50,M,2132,own,0
ACC000000004866,no checking,>=7,39,M,7136,free,0
ACC000000004882,<0,4<=X<7,37,M,1081,own,1
ACC000000004886,<0,1<=X<4,37,M,18500,own,1
ACC000000004902,no checking,<1,42,M,1247,own,0
ACC000000004911,<0,>=7,19,M,5962,own,0
ACC000000004912,<0,>=7,20,F,8198,own,0
ACC000000004913,no checking,unemployed,36,M,6346,own,1
ACC000000004915,0<=X<200,<1,19,F,1685,own,0
ACC000000004928,no checking,<1,39,F,3284,own,0
ACC000000004939,no checking,1<=X<4,26,F,569,own,0
ACC000000004942,>=200,>=7,34,M,6184,rent,0
ACC000000004961,no checking,<1,33,F,332,rent,0
ACC000000004962,<0,<1,39,F,4783,own,0
ACC000000004972,<0,1<=X<4,33,M,2847,own,0
ACC000000004979,no checking,1<=X<4,25,M,2622,own,0
ACC000000004981,<0,unemployed,28,M,2114,own,0
ACC000000005001,0<=X<200,1<=X<4,39,M,488,rent,0
ACC000000005007,no checking,>=7,25,M,3561,free,0
ACC000000005024,no checking,>=7,19,M,1647,own,0
ACC000000005035,0<=X<200,>=7,23,M,2114,own,0
ACC000000005038,0<=X<200,>=7,23,M,4923,own,0
ACC000000005045,<0,4<=X<7,38,M,2516,own,1
ACC000000005071,no checking,>=7,41,M,1169,rent,0
ACC000000005091,no checking,<1,19,M,1477,own,0
ACC000000005097,no checking,1<=X<4,34,M,1156,own,0
ACC000000005103,no checking,4<=X<7,34,M,6456,own,0
ACC000000005104,0<=X<200,unemployed,23,F,5673,own,0
ACC000000005107,>=200,4<=X<7,33,M,1570,own,0
ACC000000005123,no checking,4<=X<7,33,M,1734,own,0
ACC000000005129,no checking,<1,63,M,898,own,0
ACC000000005134,<0,>=7,19,F,4122,own,0
ACC000000005146,<0,1<=X<4,22,M,5009,own,1
ACC000000005150,no checking,1<=X<4,65,F,8647,own,0
ACC000000005165,<0,1<=X<4,34,M,1863,own,1
ACC000000005186,<0,>=7,51,M,516,own,0
ACC000000005197,<0,1<=X<4,47,M,3539,free,0
ACC000000005201,no checking,1<=X<4,40,F,1536,own,0
ACC000000005262,0<=X<200,<1,43,M,14390,own,0
ACC000000005265,<0,unemployed,34,M,3762,own,1
ACC000000005277,<0,1<=X<4,21,M,2104,own,1
ACC000000005281,0<=X<200,1<=X<4,34,M,7961,free,0
ACC000000005290,0<=X<200,>=7,50,M,4450,own,0
ACC000000005312,no checking,1<=X<4,45,F,2446,own,0
ACC000000005317,0<=X<200,1<=X<4,38,M,2955,free,0
ACC000000005318,no checking,1<=X<4,49,M,2108,own,0
ACC000000005328,no checking,1<=X<4,31,M,1397,own,1
ACC000000005379,<0,unemployed,34,F,10981,own,1
ACC000000005382,no checking,4<=X<7,42,M,1121,rent,0
ACC000000005389,<0,>=7,19,M,4290,own,1
ACC000000005396,no checking,1<=X<4,40,M,2605,own,0
ACC000000005409,no checking,>=7,23,M,9421,own,0
ACC000000005411,no checking,1<=X<4,30,M,1005,own,0
ACC000000005436,<0,<1,28,M,1962,own,1
ACC000000005444,no checking,>=7,66,M,1791,own,0
ACC000000005448,0<=X<200,>=7,40,M,1130,rent,0
ACC000000005470,0<=X<200,<1,21,F,765,own,1
ACC000000005478,<0,>=7,52,F,1550,rent,0
ACC000000005517,no checking,>=7,43,M,3747,own,0
ACC000000005526,>=200,1<=X<4,39,M,2155,own,0
ACC000000005529,no checking,4<=X<7,32,F,8484,own,1
ACC000000005531,<0,<1,34,F,2537,own,1
ACC000000005538,no checking,1<=X<4,21,M,1402,own,0
ACC000000005546,<0,>=7,35,M,3273,own,0
ACC000000005551,>=200,>=7,41,M,3673,own,0
ACC000000005554,0<=X<200,>=7,49,M,1772,rent,0
ACC000000005574,>=200,>=7,47,M,3245,own,0
ACC000000005578,<0,4<=X<7,40,M,4172,own,0
ACC000000005583,0<=X<200,4<=X<7,35,F,576,free,0
ACC000000005586,no checking,<1,24,M,410,rent,0
ACC000000005592,no checking,1<=X<4,36,F,2832,own,0
ACC000000005612,0<=X<200,>=7,33,F,4424,own,0
ACC000000005620,no checking,<1,49,M,3302,own,0
ACC000000005627,no checking,4<=X<7,21,M,656,own,1
ACC000000005638,<0,1<=X<4,34,M,3224,own,1
ACC000000005679,0<=X<200,1<=X<4,27,F,7374,own,0
ACC000000005683,no checking,1<=X<4,58,F,7914,own,0
ACC000000005684,<0,1<=X<4,50,M,3099,own,1
ACC000000005688,0<=X<200,<1,24,M,3730,own,0
ACC000000005697,no checking,1<=X<4,19,M,5363,free,0
ACC000000005701,<0,<1,40,M,1495,free,0
ACC000000005711,no checking,>=7,42,M,1861,own,0
ACC000000005729,<0,>=7,47,M,2295,free,1
ACC000000005740,>=200,>=7,24,F,2251,own,0
ACC000000005748,<0,1<=X<4,44,M,635,own,0
ACC000000005775,0<=X<200,1<=X<4,43,F,1994,own,1
ACC000000005785,<0,>=7,19,M,2652,own,0
ACC000000005798,no checking,4<=X<7,23,M,7034,rent,0
ACC000000005819,no checking,>=7,34,M,989,free,0
ACC000000005832,no checking,1<=X<4,19,M,2237,own,0
ACC000000005857,<0,4<=X<7,45,M,1252,own,0
ACC000000005868,no checking,4<=X<7,33,M,1695,own,0
ACC000000005886,no checking,>=7,39,M,2912,rent,0
ACC000000005887,<0,1<=X<4,27,F,760,own,1
ACC000000005892,no checking,1<=X<4,33,M,3831,own,0
ACC000000005894,<0,4<=X<7,47,F,1971,own,0
ACC000000005903,<0,>=7,21,F,2448,own,0
ACC000000005924,<0,unemployed,51,M,1797,free,0
ACC000000005946,0<=X<200,1<=X<4,21,M,4366,own,0
ACC000000005955,no checking,>=7,26,F,5802,free,1
ACC000000005971,<0,1<=X<4,38,M,2723,rent,0
ACC000000005988,no checking,>=7,47,F,5627,free,0
ACC000000005995,0<=X<200,1<=X<4,47,M,8183,rent,0
ACC000000005998,<0,>=7,52,M,1206,own,1
ACC000000005999,<0,>=7,28,M,368,own,1
ACC000000006007,no checking,1<=X<4,19,M,1575,own,0
ACC000000006012,0<=X<200,>=7,44,M,6520,free,0
ACC000000006032,0<=X<200,>=7,42,F,1415,own,0
ACC000000006040,<0,1<=X<4,41,F,2644,own,1
ACC000000006050,<0,>=7,47,M,831,own,0
ACC000000006053,0<=X<200,4<=X<7,19,F,1229,own,1
ACC000000006059,0<=X<200,4<=X<7,35,F,1986,free,0
ACC000000006065,<0,>=7,25,M,6893,own,1
ACC000000006075,0<=X<200,1<=X<4,40,M,4378,own,0
ACC000000006087,<0,1<=X<4,39,F,1055,own,1
ACC000000006088,no checking,1<=X<4,22,M,12359,own,0
ACC000000006091,0<=X<200,1<=X<4,38,M,854,own,0
ACC000000006113,<0,>=7,43,F,1765,own,0
ACC000000006114,<0,4<=X<7,63,F,8451,own,0
ACC000000006132,no checking,>=7,35,M,3174,own,0
ACC000000006133,<0,<1,19,M,1080,own,1
ACC000000006139,<0,unemployed,22,F,1855,rent,0
ACC000000006146,<0,>=7,37,M,1892,free,1
ACC000000006147,0<=X<200,<1,26,M,1259,own,1
ACC000000006177,no checking,1<=X<4,41,F,9747,own,0
ACC000000006191,<0,<1,40,M,10567,own,1
ACC000000006194,no checking,1<=X<4,37,M,952,free,0
ACC000000006208,no checking,4<=X<7,24,F,3738,rent,0
ACC000000006209,no checking,<1,20,M,8553,own,1
ACC000000006223,<0,>=7,21,M,2994,own,0
ACC000000006241,0<=X<200,1<=X<4,28,M,542,free,1
ACC000000006249,>=200,1<=X<4,37,F,3985,own,0
ACC000000006279,<0,>=7,51,M,250,own,1
ACC000000006306,no checking,>=7,35,F,848,free,0
ACC000000006340,no checking,4<=X<7,29,M,5933,own,0
ACC000000006352,0<=X<200,1<=X<4,33,F,1256,own,0
ACC000000006372,0<=X<200,<1,28,M,5661,own,0
ACC000000006417,0<=X<200,1<=X<4,43,M,1140,free,1
ACC000000006418,>=200,>=7,31,F,18500,own,0
ACC000000006432,0<=X<200,1<=X<4,46,F,1711,free,0
ACC000000006458,>=200,>=7,19,M,5711,own,0
ACC000000006464,0<=X<200,>=7,47,M,14621,own,0
ACC000000006485,no checking,<1,34,F,4001,own,0
ACC000000006486,0<=X<200,<1,52,M,3370,own,1
ACC000000006496,<0,>=7,31,F,1606,rent,0
ACC000000006531,<0,>=7,53,F,3196,own,1
ACC000000006537,0<=X<200,<1,23,F,865,own,0
ACC000000006551,0<=X<200,unemployed,39,M,2644,own,0
ACC000000006558,0<=X<200,4<=X<7,62,M,2909,own,0
ACC000000006583,no checking,>=7,55,M,3673,own,1
ACC000000006586,<0,>=7,34,M,6318,own,0
ACC000000006590,<0,1<=X<4,38,M,2826,free,1
ACC000000006604,<0,1<=X<4,36,F,4014,own,1
ACC000000006609,0<=X<200,>=7,44,F,18500,own,0
ACC000000006623,0<=X<200,4<=X<7,48,F,5020,own,0
ACC000000006624,<0,>=7,19,M,1896,free,1
ACC000000006635,0<=X<200,<1,56,M,2402,free,1
ACC000000006643,no checking,1<=X<4,20,F,733,free,0
ACC000000006644,0<=X<200,1<=X<4,30,F,1499,rent,1
ACC000000006647,0<=X<200,>=7,50,F,2150,own,0
ACC000000006648,no checking,1<=X<4,28,M,1390,rent,0
ACC000000006649,no checking,1<=X<4,30,M,4903,rent,0
ACC000000006651,<0,1<=X<4,39,M,7234,rent,0
ACC000000006652,<0,4<=X<7,33,M,423,own,0
ACC000000006656,0<=X<200,>=7,41,F,2163,own,0
ACC000000006680,no checking,<1,39,F,4216,own,0
ACC000000006683,0<=X<200,4<=X<7,45,M,1850,own,1
ACC000000006707,<0,unemployed,53,M,1495,own,1
ACC000000006719,<0,<1,46,F,2991,own,1
ACC000000006735,no checking,>=7,43,M,4791,own,0
ACC000000006741,no checking,1<=X<4,19,M,1396,own,0
ACC000000006748,no checking,1<=X<4,44,M,3672,own,0
ACC000000006762,no checking,<1,32,F,2485,own,0
ACC000000006784,<0,4<=X<7,49,M,7001,own,0
ACC000000006798,<0,1<=X<4,40,M,6434,rent,0
ACC000000006806,0<=X<200,4<=X<7,46,M,1336,own,0
ACC000000006828,no checking,<1,20,F,5103,own,0
ACC000000006866,no checking,>=7,44,M,2453,own,0
ACC000000006874,no checking,unemployed,53,F,3889,own,0
ACC000000006884,0<=X<200,>=7,44,F,1879,rent,0
ACC000000006900,<0,1<=X<4,25,F,1071,own,0
ACC000000006901,<0,1<=X<4,29,M,1935,own,0
ACC000000006907,<0,>=7,19,M,2860,own,1
ACC000000006936,0<=X<200,unemployed,20,M,9131,free,0
ACC000000006945,no checking,1<=X<4,26,F,1376,free,1
ACC000000006962,no checking,>=7,24,M,1257,free,1
ACC000000006996,0<=X<200,<1,30,F,450,own,1
ACC000000007000,no checking,>=7,47,F,1436,own,0
ACC000000007006,<0,>=7,45,M,250,own,0
ACC000000007012,<0,4<=X<7,39,M,1720,rent,1
ACC000000007014,no checking,1<=X<4,23,F,5521,own,0
ACC000000007025,no checking,unemployed,43,F,3889,own,0
ACC000000007027,no checking,1<=X<4,45,F,8261,own,0
ACC000000007029,no checking,4<=X<7,70,M,3825,own,0
ACC000000007037,no checking,>=7,51,F,1357,free,0
ACC000000007045,<0,4<=X<7,53,M,365,free,1
ACC000000007049,no checking,4<=X<7,50,M,14901,own,0
ACC000000007052,no checking,>=7,30,M,2328,free,0
ACC000000007070,<0,4<=X<7,36,F,704,own,1
ACC000000007081,<0,>=7,65,M,2192,own,0
ACC000000007083,<0,4<=X<7,36,F,3180,own,0
ACC000000007084,0<=X<200,1<=X<4,65,M,250,own,0
ACC000000007096,no checking,1<=X<4,50,F,4456,own,1
ACC000000007110,0<=X<200,>=7,28,M,2148,own,0
ACC000000007111,no checking,1<=X<4,38,F,1457,own,0
ACC000000007114,0<=X<200,<1,38,F,1607,own,1
ACC000000007115,<0,unemployed,41,M,1215,free,1
ACC000000007147,<0,1<=X<4,29,M,1527,own,1
ACC000000007158,no checking,1<=X<4,38,F,1360,own,1
ACC000000007163,<0,1<=X<4,37,M,4566,own,1
ACC000000007176,<0,>=7,35,F,758,own,0
ACC000000007179,no checking,>=7,35,F,329,own,0
ACC000000007201,<0,>=7,28,F,4744,own,0
ACC000000007212,<0,<1,30,M,1043,own,0
ACC000000007222,no checking,>=7,36,M,2182,free,0
ACC000000007228,<0,<1,37,F,2706,own,1
ACC000000007235,<0,>=7,33,M,2237,own,1
ACC000000007242,no checking,1<=X<4,54,M,3022,own,0
ACC000000007245,<0,<1,19,M,4097,own,1
ACC000000007249,<0,4<=X<7,44,M,16997,own,0
ACC000000007251,>=200,<1,48,F,7437,own,0
ACC000000007274,no checking,1<=X<4,24,M,2287,own,0
ACC000000007305,<0,>=7,40,M,2001,own,0
ACC000000007307,0<=X<200,>=7,32,F,4822,own,0
ACC000000007310,0<=X<200,>=7,41,M,2287,free,0
ACC000000007328,no checking,4<=X<7,37,F,2469,free,0
ACC000000007354,no checking,4<=X<7,38,M,1871,own,0
ACC000000007355,<0,4<=X<7,36,M,18101,rent,1
ACC000000007363,no checking,4<=X<7,35,M,924,own,0
ACC000000007368,0<=X<200,>=7,21,F,1413,own,0
ACC000000007374,no checking,>=7,39,M,2412,rent,0
ACC000000007390,no checking,>=7,28,F,592,free,0
ACC000000007406,<0,1<=X<4,49,M,2553,free,1
ACC000000007420,no checking,>=7,41,M,3317,free,0
ACC000000007429,0<=X<200,1<=X<4,55,F,674,own,1
ACC000000007464,no checking,unemployed,33,M,489,own,0
ACC000000007465,no checking,4<=X<7,21,M,2775,own,0
ACC000000007466,>=200,1<=X<4,34,F,9204,own,0
ACC000000007469,>=200,>=7,49,M,1627,own,0
ACC000000007478,no checking,1<=X<4,20,M,688,own,1
ACC000000007492,no checking,1<=X<4,49,M,8162,own,0
ACC000000007498,no checking,>=7,52,M,870,own,0
ACC000000007528,no checking,>=7,40,M,2393,own,0
ACC000000007533,<0,1<=X<4,42,M,6108,own,0
ACC000000007551,no checking,4<=X<7,36,M,4753,own,0
ACC000000007568,0<=X<200,>=7,55,M,3617,own,0
ACC000000007595,<0,1<=X<4,29,F,4559,own,0
ACC000000007620,0<=X<200,>=7,19,M,2091,own,0
ACC000000007643,<0,<1,48,F,13181,own,0
ACC000000007659,<0,unemployed,48,M,919,own,0
ACC000000007661,no checking,>=7,37,F,2690,own,0
ACC000000007666,no checking,unemployed,30,M,1415,free,0
ACC000000007669,<0,1<=X<4,32,F,1497,own,1
ACC000000007681,no checking,>=7,24,M,1401,own,0
ACC000000007686,0<=X<200,4<=X<7,31,M,7224,own,0
ACC000000007706,<0,1<=X<4,21,M,5077,own,1
ACC000000007714,no checking,>=7,37,M,1530,rent,0
ACC000000007721,<0,unemployed,30,M,1169,own,1
ACC000000007723,no checking,1<=X<4,35,F,1857,own,0
ACC000000007732,0<=X<200,>=7,27,F,5339,own,0
ACC000000007737,no checking,unemployed,25,M,2783,free,1
ACC000000007738,0<=X<200,1<=X<4,35,M,5668,own,0
ACC000000007740,<0,1<=X<4,31,M,1621,own,0
ACC000000007748,no checking,unemployed,50,F,1900,own,0
ACC000000007754,>=200,1<=X<4,21,F,4846,rent,0
ACC000000007770,0<=X<200,1<=X<4,40,F,2630,free,0
ACC000000007772,no checking,4<=X<7,24,F,1544,own,0
ACC000000007776,0<=X<200,1<=X<4,19,M,5236,free,1
ACC000000007782,0<=X<200,1<=X<4,19,M,1112,own,0
ACC000000007787,<0,>=7,36,F,325,free,0
ACC000000007810,no checking,1<=X<4,19,F,4171,rent,0
ACC000000007814,no checking,1<=X<4,38,M,962,own,0
ACC000000007825,no checking,unemployed,33,M,1970,own,0
ACC000000007854,no checking,4<=X<7,32,M,1494,own,0
ACC000000007860,no checking,4<=X<7,34,M,13066,rent,0
ACC000000007864,no checking,1<=X<4,21,M,4110,own,0
ACC000000007873,no checking,>=7,53,M,11098,own,0
ACC000000007881,no checking,>=7,46,M,5550,free,0
ACC000000007895,<0,>=7,45,F,4578,own,0
ACC000000007921,0<=X<200,<1,44,M,2311,free,0
ACC000000007923,<0,>=7,35,M,646,own,1
ACC000000007927,<0,4<=X<7,29,F,5149,own,1
ACC000000007928,<0,1<=X<4,35,F,1288,own,1
ACC000000007948,no checking,1<=X<4,29,M,866,own,1
ACC000000007968,<0,>=7,51,F,5473,own,0
ACC000000007971,no checking,4<=X<7,45,F,3538,own,0
ACC000000007976,<0,4<=X<7,65,F,825,own,0
ACC000000007977,<0,<1,50,M,599,own,0
ACC000000007992,<0,4<=X<7,23,F,3414,free,1
ACC000000007998,no checking,<1,32,M,3501,own,0
ACC000000008010,<0,1<=X<4,35,M,650,rent,1
ACC000000008020,0<=X<200,1<=X<4,34,F,708,own,0
ACC000000008044,no checking,1<=X<4,52,M,3859,rent,0
ACC000000008053,0<=X<200,1<=X<4,33,M,658,free,1
ACC000000008056,<0,1<=X<4,36,M,4758,free,1
ACC000000008057,no checking,<1,37,M,1735,own,0
ACC000000008064,0<=X<200,4<=X<7,29,F,794,own,1
ACC000000008073,0<=X<200,>=7,33,M,2816,own,1
ACC000000008079,no checking,<1,21,F,7473,own,0
ACC000000008091,<0,>=7,48,M,1921,free,1
ACC000000008114,<0,>=7,34,M,2361,own,0
ACC000000008124,<0,4<=X<7,30,M,744,own,0
ACC000000008129,<0,>=7,23,F,3184,free,1
ACC000000008137,<0,>=7,36,M,4426,free,0
ACC000000008145,no checking,1<=X<4,35,F,342,own,0
ACC000000008159,0<=X<200,4<=X<7,25,M,4133,rent,1
ACC000000008173,no checking,>=7,38,M,9342,free,0
ACC000000008178,0<=X<200,1<=X<4,26,F,3815,free,0
ACC000000008179,no checking,unemployed,62,M,1731,own,0
ACC000000008180,no checking,4<=X<7,20,F,18500,own,1
ACC000000008181,0<=X<200,4<=X<7,57,F,7951,free,0
ACC000000008185,<0,<1,29,M,12362,own,0
ACC000000008232,0<=X<200,4<=X<7,29,F,773,own,1
ACC000000008234,<0,>=7,46,F,677,own,0
ACC000000008238,0<=X<200,>=7,36,M,410,free,0
ACC000000008241,no checking,<1,35,F,876,own,0
ACC000000008248,no checking,<1,41,M,2946,own,0
ACC000000008255,no checking,4<=X<7,42,F,1721,own,0
ACC000000008260,<0,>=7,29,M,4494,own,0
ACC000000008266,>=200,1<=X<4,50,M,7279,own,0
ACC000000008268,<0,<1,41,M,2467,own,1
ACC000000008283,0<=X<200,4<=X<7,42,M,4223,own,0
ACC000000008290,no checking,1<=X<4,41,M,5004,own,0
ACC000000008296,no checking,>=7,27,M,3134,own,0
ACC000000008308,0<=X<200,4<=X<7,40,F,366,own,0
ACC000000008313,0<=X<200,>=7,33,M,1848,own,0
ACC000000008318,0<=X<200,<1,49,M,2163,own,1
ACC000000008333,<0,4<=X<7,33,F,1606,own,0
ACC000000008353,<0,>=7,25,M,1609,free,1
ACC000000008370,<0,1<=X<4,48,M,1423,own,1
ACC000000008376,no checking,>=7,41,F,1901,own,0
ACC000000008390,0<=X<200,unemployed,20,F,1970,free,1
ACC000000008391,0<=X<200,1<=X<4,39,F,2342,own,0
ACC000000008399,no checking,1<=X<4,34,M,1264,own,1
ACC000000008405,no checking,4<=X<7,24,F,1561,own,1
ACC000000008406,no checking,4<=X<7,35,M,3164,rent,0
ACC000000008417,no checking,4<=X<7,31,M,2124,own,0
ACC000000008431,>=200,<1,21,M,517,own,1
ACC000000008452,no checking,<1,26,M,1864,own,0
ACC000000008453,0<=X<200,>=7,20,M,2339,own,0
ACC000000008457,no checking,1<=X<4,43,M,1812,free,0
ACC000000008458,0<=X<200,1<=X<4,39,F,11646,own,0
ACC000000008459,no checking,1<=X<4,32,M,5060,own,1
ACC000000008460,<0,>=7,22,M,5822,own,0
ACC000000008462,>=200,1<=X<4,34,M,1464,own,0
ACC000000008468,<0,1<=X<4,40,M,1881,own,0
ACC000000008477,no checking,4<=X<7,38,M,1493,own,0
ACC000000008486,0<=X<200,>=7,30,M,3895,rent,1
ACC000000008495,>=200,>=7,50,M,4695,own,0
ACC000000008497,no checking,4<=X<7,19,F,13225,own,0
ACC000000008547,>=200,1<=X<4,40,M,7313,own,0
ACC000000008553,0<=X<200,<1,39,M,2205,own,0
ACC000000008555,0<=X<200,<1,45,M,2539,own,1
ACC000000008563,no checking,1<=X<4,38,M,1435,rent,0
ACC000000008565,0<=X<200,1<=X<4,34,M,4217,free,0
ACC000000008624,no checking,>=7,37,M,2771,own,0
ACC000000008634,no checking,>=7,29,M,1084,own,0
ACC000000008635,0<=X<200,1<=X<4,36,M,2758,own,0
ACC000000008636,0<=X<200,>=7,26,M,5426,own,1
ACC000000008647,<0,1<=X<4,49,F,1057,own,0
ACC000000008653,0<=X<200,>=7,40,M,4329,free,0
ACC000000008667,no checking,unemployed,52,F,1844,rent,0
ACC000000008668,<0,1<=X<4,25,F,547,own,0
ACC000000008673,<0,4<=X<7,30,F,835,own,0
ACC000000008677,0<=X<200,1<=X<4,22,M,2759,free,1
ACC000000008678,no checking,1<=X<4,44,M,632,own,0
ACC000000008688,no checking,1<=X<4,19,M,1659,own,0
ACC000000008691,<0,1<=X<4,19,F,3488,free,0
ACC000000008699,<0,unemployed,49,M,5678,own,1
ACC000000008708,no checking,1<=X<4,53,M,3939,own,0
ACC000000008723,0<=X<200,<1,59,F,913,own,0
ACC000000008728,no checking,<1,29,F,5183,rent,0
ACC000000008731,0<=X<200,1<=X<4,36,F,2090,own,0
ACC000000008768,<0,<1,46,M,9736,own,1
ACC000000008772,0<=X<200,>=7,50,M,250,own,1
ACC000000008776,no checking,1<=X<4,38,M,1353,own,1
ACC000000008779,no checking,1<=X<4,42,M,6510,own,0
ACC000000008785,0<=X<200,>=7,33,M,370,free,1
ACC000000008796,no checking,>=7,35,M,266,own,0
ACC000000008802,0<=X<200,<1,28,M,3721,own,1
ACC000000008825,>=200,<1,32,F,1338,own,0
ACC000000008829,no checking,4<=X<7,39,M,784,free,0
ACC000000008835,<0,4<=X<7,24,F,563,own,0
ACC000000008837,<0,>=7,34,M,7263,rent,0
ACC000000008841,no checking,1<=X<4,19,M,2889,own,0
ACC000000008848,<0,4<=X<7,40,M,2860,own,1
ACC000000008853,0<=X<200,1<=X<4,21,F,3981,own,0
ACC000000008857,>=200,4<=X<7,32,M,18309,rent,0
ACC000000008868,<0,<1,39,F,5109,free,1
ACC000000008871,no checking,unemployed,35,M,2731,own,1
ACC000000008876,no checking,>=7,40,F,1404,own,0
ACC000000008882,no checking,<1,23,M,3629,free,0
ACC000000008894,<0,4<=X<7,24,M,2216,own,1
ACC000000008900,<0,1<=X<4,37,M,2603,own,1
ACC000000008922,0<=X<200,<1,29,M,794,own,1
ACC000000008934,>=200,<1,39,F,817,own,1
ACC000000008936,no checking,>=7,37,M,250,rent,0
ACC000000008944,no checking,>=7,28,F,5456,own,1
ACC000000008945,0<=X<200,>=7,29,M,2624,own,1
ACC000000008956,<0,1<=X<4,35,M,1581,own,0
ACC000000008964,no checking,>=7,42,M,1490,own,0
ACC000000008982,no checking,>=7,19,F,1556,own,1
ACC000000008998,<0,>=7,36,F,1185,own,1
ACC000000009007,<0,1<=X<4,48,M,1037,own,1
ACC000000009011,>=200,1<=X<4,51,F,3288,rent,0
ACC000000009026,0<=X<200,4<=X<7,36,F,1333,own,1
ACC000000009085,<0,>=7,30,M,4343,rent,0
ACC000000009102,no checking,>=7,44,M,2931,own,0
ACC000000009107,<0,>=7,28,M,561,own,1
ACC000000009108,<0,unemployed,33,M,2805,free,1
ACC000000009109,>=200,>=7,23,M,2441,own,1
ACC000000009118,>=200,<1,21,M,1713,own,0
ACC000000009125,0<=X<200,<1,28,F,532,own,1
ACC000000009137,<0,4<=X<7,40,M,250,own,0
ACC000000009140,no checking,1<=X<4,36,M,3167,free,0
ACC000000009148,<0,1<=X<4,43,M,1181,free,0
ACC000000009157,0<=X<200,>=7,39,M,1978,own,0
ACC000000009160,0<=X<200,>=7,25,M,1396,own,1
ACC000000009164,<0,<1,34,M,8050,own,1
ACC000000009188,0<=X<200,>=7,24,M,1336,own,1
ACC000000009199,0<=X<200,4<=X<7,55,F,1609,own,0
ACC000000009206,>=200,4<=X<7,34,F,2918,own,0
ACC000000009213,<0,1<=X<4,25,M,7486,own,0
ACC000000009224,no checking,1<=X<4,19,M,2813,own,0
ACC000000009231,>=200,>=7,30,M,2675,own,1
ACC000000009239,no checking,4<=X<7,30,F,2569,own,0
ACC000000009242,no checking,4<=X<7,25,F,8419,own,0
ACC000000009249,0<=X<200,>=7,24,M,1180,own,0
ACC000000009264,0<=X<200,1<=X<4,35,M,1448,rent,0
ACC000000009269,>=200,>=7,34,M,405,free,1
ACC000000009282,0<=X<200,1<=X<4,33,M,3392,own,1
ACC000000009285,>=200,4<=X<7,34,M,482,own,0
ACC000000009297,<0,1<=X<4,21,F,2373,own,1
ACC000000009299,no checking,1<=X<4,35,F,3201,own,0
ACC000000009309,<0,>=7,51,M,2474,own,0
ACC000000009310,no checking,>=7,54,M,4802,own,0
ACC000000009311,0<=X<200,4<=X<7,21,M,1464,own,0
ACC000000009322,<0,>=7,38,M,3777,own,0
ACC000000009333,0<=X<200,4<=X<7,39,M,841,own,0
ACC000000009342,no checking,>=7,34,F,3150,own,1
ACC000000009357,no checking,1<=X<4,36,F,1949,own,1
ACC000000009365,no checking,4<=X<7,33,F,2104,own,0
ACC000000009372,<0,1<=X<4,41,M,1724,own,1
ACC000000009389,no checking,4<=X<7,50,M,654,own,0
ACC000000009406,no checking,<1,36,F,3194,own,0
ACC000000009412,no checking,1<=X<4,48,M,702,rent,0
ACC000000009429,>=200,4<=X<7,47,F,6736,own,0
ACC000000009432,0<=X<200,1<=X<4,19,F,990,rent,0
ACC000000009441,no checking,1<=X<4,30,F,2209,free,0
ACC000000009455,no checking,>=7,54,M,1327,own,0
ACC000000009457,<0,>=7,20,M,818,own,0
ACC000000009458,<0,4<=X<7,25,M,2573,own,1
ACC000000009460,no checking,>=7,21,F,1941,free,0
ACC000000009462,no checking,4<=X<7,36,M,2934,own,0
ACC000000009463,<0,1<=X<4,41,F,683,own,1
ACC000000009464,0<=X<200,1<=X<4,19,F,8361,own,0
ACC000000009467,<0,1<=X<4,29,M,3370,own,1
ACC000000009486,no checking,1<=X<4,28,M,2161,own,0
ACC000000009497,no checking,>=7,35,M,1218,own,0
ACC000000009502,<0,1<=X<4,30,M,2086,own,0
ACC000000009509,no checking,4<=X<7,32,F,6820,own,1
ACC000000009515,<0,unemployed,44,F,2105,own,0
ACC000000009517,<0,1<=X<4,31,M,1878,free,1
ACC000000009525,0<=X<200,>=7,47,F,624,own,0
ACC000000009529,0<=X<200,4<=X<7,22,F,1209,own,1
ACC000000009544,>=200,<1,25,M,8889,own,0
ACC000000009545,0<=X<200,4<=X<7,19,F,2106,rent,0
ACC000000009550,no checking,4<=X<7,35,M,2750,own,0
ACC000000009578,>=200,4<=X<7,27,M,5115,free,1
ACC000000009600,0<=X<200,<1,48,F,1323,free,0
ACC000000009617,0<=X<200,<1,23,F,2758,own,0
ACC000000009622,0<=X<200,4<=X<7,68,F,8745,own,0
ACC000000009626,no checking,1<=X<4,48,M,2005,own,0
ACC000000009632,no checking,4<=X<7,22,M,1541,own,1
ACC000000009662,no checking,4<=X<7,48,F,1313,own,0
ACC000000009685,0<=X<200,4<=X<7,28,F,3449,own,0
ACC000000009690,<0,>=7,22,F,322,own,1
ACC000000009706,no checking,4<=X<7,30,M,2520,own,0
ACC000000009716,no checking,1<=X<4,39,M,6201,rent,0
ACC000000009722,0<=X<200,1<=X<4,19,F,5997,own,1
ACC000000009723,0<=X<200,>=7,27,M,2697,own,1
ACC000000009749,no checking,4<=X<7,39,F,3118,free,0
ACC000000009755,0<=X<200,>=7,22,M,7277,own,1
ACC000000009756,<0,<1,32,F,5935,own,0
ACC000000009776,<0,1<=X<4,38,M,1992,own,0
ACC000000009791,no checking,1<=X<4,49,M,14369,own,1
ACC000000009797,no checking,<1,22,F,852,own,0
ACC000000009805,<0,1<=X<4,25,F,3871,own,0
ACC000000009810,no checking,unemployed,30,M,18500,rent,1
ACC000000009831,no checking,unemployed,19,M,12150,own,1
ACC000000009832,0<=X<200,1<=X<4,32,M,774,own,0
ACC000000009835,<0,1<=X<4,30,M,2704,own,1
ACC000000009863,<0,<1,20,M,1203,free,1
ACC000000009865,no checking,1<=X<4,33,M,2516,own,0
ACC000000009873,no checking,>=7,30,M,3809,own,0
ACC000000009877,<0,1<=X<4,35,M,3411,free,0
ACC000000009887,<0,unemployed,56,M,981,own,0
ACC000000009901,0<=X<200,unemployed,24,M,1619,free,1
ACC000000009902,0<=X<200,1<=X<4,38,F,429,own,0
ACC000000009909,<0,1<=X<4,19,M,1187,rent,0
ACC000000009910,no checking,1<=X<4,52,M,407,own,0
ACC000000009913,<0,1<=X<4,27,M,983,own,0
ACC000000009915,no checking,1<=X<4,37,F,3976,rent,0
ACC000000009960,0<=X<200,4<=X<7,19,M,3546,own,0
ACC000000009961,<0,>=7,20,M,1715,own,0
ACC000000009962,<0,4<=X<7,40,F,1589,rent,1
ACC000000009966,0<=X<200,>=7,52,M,811,own,1
ACC000000009967,0<=X<200,>=7,23,M,577,free,1
ACC000000009971,0<=X<200,1<=X<4,29,M,886,rent,0
ACC000000009976,no checking,1<=X<4,32,F,2823,own,1
ACC000000009980,no checking,1<=X<4,24,M,1707,rent,0
ACC000000009983,no checking,>=7,43,F,1428,own,0
ACC000000009988,0<=X<200,unemployed,55,F,1122,free,0
